Model Name,Epoch,Batch Size,Learning Rate,Train Loss,Test Loss,Train Accuracy,Test Accuracy,Time,Task Name,Number of Classes for Initial Task,Train CTL,Test CTL,Train CTA,Test CTA,Train PTL,Train PTA,Test PTL,Test PTA,Times,Train TL task 0,Train TA task 0,Test TL task 0,Test TA task 0,Train TL task 1,Train TA task 1,Test TL task 1,Test TA task 1,Train TL task 2,Train TA task 2,Test TL task 2,Test TA task 2,Train TL task 3,Train TA task 3,Test TL task 3,Test TA task 3,Train TL task 4,Train TA task 4,Test TL task 4,Test TA task 4
FC_FF_NN,0,64,0.007,,,,,,0,2,0.0223467425821093,0.0021211640635143,99.61310698776154,99.95271867612291,0.0223467425821093,99.61310698776154,0.0021211640635143,99.95271867612291,40.368009090423584,0.0223467425821093,99.61310698776154,0.0021211640635143,99.95271867612291,11.374566272723287,0.0,11.578521114605298,0.0,9.92703496686923,0.0,10.031175751060152,0.0,10.269398708918075,0.0,10.440809093573302,0.0,11.035140331680491,0.0,11.168166396958144,0.0
FC_FF_NN,1,64,0.007,,,,,,0,2,0.0037155564507158,0.0020562093764205,99.88156336360048,99.90543735224588,0.0037155564507158,99.88156336360048,0.0020562093764205,99.90543735224588,85.11202383041382,0.0037155564507158,99.88156336360048,0.0020562093764205,99.90543735224588,11.758903973194672,0.0,11.962417830215962,0.0,10.168616287155578,0.0,10.281309749935073,0.0,10.511414596837389,0.0,10.717913105408591,0.0,11.39714955358182,0.0,11.532024826476864,0.0
FC_FF_NN,2,64,0.007,,,,,,0,2,0.0022244808463883,0.002114403926521,99.93683379392026,99.90543735224588,0.0022244808463883,99.93683379392026,0.002114403926521,99.90543735224588,129.90276527404785,0.0022244808463883,99.93683379392026,0.002114403926521,99.90543735224588,12.105615804307622,0.0,12.313022719541095,0.0,10.518441381711028,0.0,10.640552487673602,0.0,10.865497792597855,0.0,11.113024484234874,0.0,11.757880769543728,0.0,11.894770650387532,0.0
FC_FF_NN,3,64,0.007,,,,,,0,2,0.0015620475132832,0.0022828861393984,99.96052112120016,99.95271867612291,0.0015620475132832,99.96052112120016,0.0022828861393984,99.95271867612291,174.5933132171631,0.0015620475132832,99.96052112120016,0.0022828861393984,99.95271867612291,12.372334592897944,0.0,12.588225885890022,0.0,10.720310345558016,0.0,10.851898536356437,0.0,11.020150784640675,0.0,11.289276366747638,0.0,12.021834837097233,0.0,12.160040375444543,0.0
FC_FF_NN,4,64,0.007,,,,,,0,2,0.0010747335253184,0.0022265195817951,99.9763126727201,99.95271867612291,0.0010747335253184,99.9763126727201,0.0022265195817951,99.95271867612291,219.2787170410156,0.0010747335253184,99.9763126727201,0.0022265195817951,99.95271867612291,12.630500116915467,0.0,12.856034167016055,0.0,10.923170934209898,0.0,11.067520003690282,0.0,11.197048187921231,0.0,11.484440115163212,0.0,12.271671952797195,0.0,12.414288005742293,0.0
FC_FF_NN,5,64,0.007,,,,,,0,2,0.0006473494088789,0.0020729022473528,99.98420844848006,99.95271867612291,0.0006473494088789,99.98420844848006,0.0020729022473528,99.95271867612291,263.967960357666,0.0006473494088789,99.98420844848006,0.0020729022473528,99.95271867612291,12.987637704118267,0.0,13.2203779946812,0.0,11.241062428571716,0.0,11.39631621254928,0.0,11.508862469707678,0.0,11.81636942405355,0.0,12.632509075302188,0.0,12.780418179579836,0.0
FC_FF_NN,6,64,0.007,,,,,,0,2,0.0004127571008868,0.0019835197081009,99.99210422424002,99.95271867612291,0.0004127571008868,99.99210422424002,0.0019835197081009,99.95271867612291,308.629723072052,0.0004127571008868,99.99210422424002,0.0019835197081009,99.95271867612291,13.354922508008132,0.0,13.59400375255992,0.0,11.582404708667555,0.0,11.745540593706048,0.0,11.855605208246535,0.0,12.181671994930548,0.0,13.014835960137642,0.0,13.166732487267335,0.0
FC_FF_NN,7,64,0.007,,,,,,0,2,0.0002477988280593,0.0019188834475977,100.0,99.95271867612291,0.0002477988280593,100.0,0.0019188834475977,99.95271867612291,353.4232339859009,0.0002477988280593,100.0,0.0019188834475977,99.95271867612291,13.7373175144945,0.0,13.983947052427885,0.0,11.95016105160412,0.0,12.114595008125429,0.0,12.246354329197567,0.0,12.587838143860584,0.0,13.399157157348377,0.0,13.553740420608404,0.0
FC_FF_NN,8,64,0.007,,,,,,0,2,0.0001818537876945,0.0019281695231406,100.0,99.95271867612291,0.0001818537876945,100.0,0.0019281695231406,99.95271867612291,398.23550748825073,0.0001818537876945,100.0,0.0019281695231406,99.95271867612291,14.051338641240603,0.0,14.304763798849123,0.0,12.240004641859652,0.0,12.407007447937891,0.0,12.554151392879328,0.0,12.9067189674243,0.0,13.715010216034065,0.0,13.87060004728224,0.0
FC_FF_NN,9,64,0.007,,,,,,0,2,0.0001445765146365,0.0019471456421542,100.0,99.95271867612291,0.0001445765146365,100.0,0.0019471456421542,99.95271867612291,442.9677166938782,0.0001445765146365,100.0,0.0019471456421542,99.95271867612291,14.3044842534961,0.0,14.563937835665335,0.0,12.470922782409891,0.0,12.64098106351708,0.0,12.797030120454457,0.0,13.15844682840422,0.0,13.970462358644452,0.0,14.126378086078546,0.0
FC_FF_NN,0,64,0.007,,,,,,1,2,0.1114389524781474,0.0549434502902197,96.02944825874762,97.89422135161608,7.216415706726925,96.02944825874762,7.154828898730249,97.89422135161608,487.409125328064,7.104976754248778,0.0,7.099885448440029,0.0,0.1114389524781474,96.02944825874762,0.0549434502902197,97.89422135161608,9.736978823260367,0.0,9.882069361248035,0.0,9.349485029231383,0.0,9.631173895925194,0.0,9.962872019743516,0.0,10.235164190024005,0.0
FC_FF_NN,1,64,0.007,,,,,,1,2,0.0395504377474492,0.0215222826334338,98.6682107701216,99.21645445641528,8.39139504108604,98.6682107701216,8.401196644360633,99.21645445641528,531.8815333843231,8.351844603338591,0.0,8.379674361727199,0.0,0.0395504377474492,98.6682107701216,0.0215222826334338,99.21645445641528,10.281950853036689,0.0,10.39055298028659,0.0,9.843568905560556,0.0,10.16385069738582,0.0,10.433270556563038,0.0,10.661229839363424,0.0
FC_FF_NN,2,64,0.007,,,,,,1,2,0.021277787453384,0.0133123744497232,99.33824137645792,99.41234084231148,9.322954707682682,99.33824137645792,9.360137789021644,99.41234084231148,576.3652958869934,9.301676920229298,0.0,9.34682541457192,0.0,0.021277787453384,99.33824137645792,0.0133123744497232,99.41234084231148,10.512697228654648,0.0,10.569518388017393,0.0,10.204816169734071,0.0,10.596682626795312,0.0,10.46032657085839,0.0,10.635186705154055,0.0
FC_FF_NN,3,64,0.007,,,,,,1,2,0.0121495126522651,0.0181143419777303,99.63603275705186,99.26542605288932,10.45020327307541,99.63603275705186,10.513626697056209,99.26542605288932,620.8243365287781,10.438053760423143,0.0,10.495512355078478,0.0,0.0121495126522651,99.63603275705186,0.0181143419777303,99.26542605288932,11.331138069693386,0.0,11.351017612276108,0.0,11.268840559654356,0.0,11.77482441184744,0.0,10.828878301887189,0.0,10.994524870625783,0.0
FC_FF_NN,4,64,0.007,,,,,,1,2,0.0076170780418356,0.010442771358629,99.75184051617173,99.51028403525956,10.465736643513871,99.75184051617173,10.490675700245674,99.51028403525956,665.2099313735962,10.458119565472035,0.0,10.480232928887045,0.0,0.0076170780418356,99.75184051617173,0.010442771358629,99.51028403525956,11.976212467952951,0.0,12.053116311385766,0.0,10.952465021168962,0.0,11.41399228056632,0.0,11.65936299663479,0.0,11.778833826923996,0.0
FC_FF_NN,5,64,0.007,,,,,,1,2,0.0054257721005165,0.0097078306950584,99.8014724129374,99.5592556317336,11.317452844875234,99.8014724129374,11.386131578409309,99.5592556317336,709.6287615299225,11.312027072774718,0.0,11.376423747714249,0.0,0.0054257721005165,99.8014724129374,0.0097078306950584,99.5592556317336,12.33493998232102,0.0,12.377494553746129,0.0,11.499789676143356,0.0,12.059774139496495,0.0,11.727340241973684,0.0,11.841407907892824,0.0
FC_FF_NN,6,64,0.007,,,,,,1,2,0.0041168141890287,0.0090821320291352,99.8676482752916,99.8041136141038,11.93133284455159,99.8676482752916,11.984984571601986,99.8041136141038,754.0124251842499,11.927216030362562,0.0,11.97590243957285,0.0,0.0041168141890287,99.8676482752916,0.0090821320291352,99.8041136141038,13.037545134137856,0.0,13.07940867311036,0.0,12.146325820793534,0.0,12.715569371783362,0.0,12.574869871705266,0.0,12.746603924159263,0.0
FC_FF_NN,7,64,0.007,,,,,,1,2,0.0068590279161877,0.0142853557764955,99.77665646455456,99.36336924583742,11.97944676891635,99.77665646455456,12.121707490387838,99.36336924583742,798.3946480751038,11.972587741000163,0.0,12.107422134611342,0.0,0.0068590279161877,99.77665646455456,0.0142853557764955,99.36336924583742,12.387916005547872,0.0,12.434831234790472,0.0,11.595503421543286,0.0,12.200951557985364,0.0,11.5703955696801,0.0,11.69719753250953,0.0
FC_FF_NN,8,64,0.007,,,,,,1,2,0.0027751396090459,0.0124085712406309,99.92555215485152,99.46131243878553,12.858659476535417,99.92555215485152,13.013279300466095,99.46131243878553,842.8917713165283,12.85588433692637,0.0,13.000870729225465,0.0,0.0027751396090459,99.92555215485152,0.0124085712406309,99.46131243878553,13.37748251064605,0.0,13.44922514200974,0.0,12.489110220068635,0.0,13.149022731175956,0.0,12.695166964530944,0.0,12.888974534822005,0.0
FC_FF_NN,9,64,0.007,,,,,,1,2,0.0007527599066969,0.0110179860627632,100.0,99.51028403525956,13.438180906872152,100.0,13.576283862751618,99.51028403525956,887.3276557922363,13.437428146965456,0.0,13.565265876688857,0.0,0.0007527599066969,100.0,0.0110179860627632,99.51028403525956,13.939146882886734,0.0,14.012065685927675,0.0,12.980797810222992,0.0,13.645907822452402,0.0,13.264159116098435,0.0,13.438311731220194,0.0
FC_FF_NN,0,64,0.007,,,,,,2,2,0.0736989801922114,0.0091530159038503,97.85137174820208,99.73319103521878,9.17919397950956,50.832377908181606,9.166071018282718,51.84994517480821,931.1591923236848,9.72517815414644,0.0,9.565714925513484,0.0,8.559510824680467,3.813384068161138,8.757274095148103,3.9666993143976494,0.0736989801922114,97.85137174820208,0.0091530159038503,99.73319103521878,10.865451681352663,0.0,11.14119829079896,0.0,12.55356940855414,0.0,12.868672908584818,0.0
FC_FF_NN,1,64,0.007,,,,,,2,2,0.0106749146441349,0.006137572172453,99.6626120926929,99.83991462113129,9.979158576104052,51.37403083747888,10.003876235937472,51.5115341959721,974.9417967796326,10.614993117686746,0.0,10.437351289708564,0.0,9.332649119877225,3.085449582264869,9.564263609993928,3.1831537708129285,0.0106749146441349,99.6626120926929,0.006137572172453,99.83991462113129,11.518435473983375,0.0,11.812761802807795,0.0,13.242102171324069,0.0,13.566848068602807,0.0
FC_FF_NN,2,64,0.007,,,,,,2,2,0.0053247210750306,0.0086914167634746,99.86682056290508,99.78655282817502,10.567776221337828,51.165935717799634,10.580646509667226,51.142052124175656,1018.7489216327668,10.992471153784118,0.0,10.757029242436657,0.0,10.137756567816508,2.4650508726941847,10.395572360134324,2.497551420176298,0.0053247210750306,99.86682056290508,0.0086914167634746,99.78655282817502,11.707346726097928,0.0,11.932971323124711,0.0,13.590152071411326,0.0,13.877384648440886,0.0
FC_FF_NN,3,64,0.007,,,,,,2,2,0.0020460588088817,0.00393965081626,99.98224274172068,99.83991462113129,10.731546310165996,51.26087072978167,10.727048811269771,51.31564781007592,1062.6278336048126,11.196495883774483,0.0,10.951632905062771,0.0,10.264550677748623,2.539498717842667,10.498525066660507,2.791380999020568,0.0020460588088817,99.98224274172068,0.00393965081626,99.83991462113129,12.333556677862056,0.0,12.656160787753349,0.0,14.16880756228657,0.0,14.473196277579934,0.0
FC_FF_NN,4,64,0.007,,,,,,2,2,0.0011215466705008,0.0028874842231833,99.99112137086034,99.78655282817502,11.110439971971072,51.10400637986313,11.106752116491258,51.28896691359779,1106.4266941547394,11.536915114346671,0.0,11.299438578017217,0.0,10.682843282924972,2.216891388865911,10.91117817074212,2.791380999020568,0.0011215466705008,99.99112137086034,0.0028874842231833,99.78655282817502,12.935736892513578,0.0,13.318760475243206,0.0,14.85556485919629,0.0,15.182445318363438,0.0
FC_FF_NN,5,64,0.007,,,,,,2,2,0.0006351654687366,0.002763589277865,99.99112137086034,99.78655282817502,11.385982294240144,51.07091844868602,11.384770105494594,51.31345271183481,1150.2159974575045,11.791311331996322,0.0,11.5500672405775,0.0,10.980018091015229,2.150715526511705,11.216709381133825,2.840352595494613,0.0006351654687366,99.99112137086034,0.002763589277865,99.78655282817502,13.33900979950169,0.0,13.731508832203538,0.0,15.237891142004628,0.0,15.56912079785607,0.0
FC_FF_NN,6,64,0.007,,,,,,2,2,0.0003094126055913,0.0024491600736315,100.0,99.83991462113129,11.815136961256044,50.94300603854744,11.81657933687761,51.09527562594272,1194.0364353656769,12.150301548166798,0.0,11.905397946896564,0.0,11.4796629617397,1.88601207709488,11.725311566785026,2.3506366307541624,0.0003094126055913,100.0,0.0024491600736315,99.83991462113129,13.789873953084,0.0,14.207413261630624,0.0,15.730739172959732,0.0,16.07285093359435,0.0
FC_FF_NN,7,64,0.007,,,,,,2,2,0.0002084457916148,0.0023013852291983,100.0,99.89327641408752,12.152741206500275,50.86855819339896,12.155878742361374,51.09747072418382,1237.8160862922668,12.46162308729829,0.0,12.21404422079136,0.0,11.843650879910648,1.7371163867979156,12.095411878702189,2.3016650342801177,0.0002084457916148,100.0,0.0023013852291983,99.89327641408752,14.144450498529425,0.0,14.584140438327616,0.0,16.11891948780771,0.0,16.47265259208429,0.0
FC_FF_NN,8,64,0.007,,,,,,2,2,0.0001616811007496,0.0022371462383289,100.0,99.89327641408752,12.42754395057672,50.802382331044754,12.433030724415712,50.975041732998704,1281.5952858924866,12.724421822972982,0.0,12.475562441940848,0.0,12.130504397079712,1.6047646620895029,12.388261860652246,2.056807051909892,0.0001616811007496,100.0,0.0022371462383289,99.89327641408752,14.429685133505286,0.0,14.883723918284774,0.0,16.431913586026532,0.0,16.795330122391263,0.0
FC_FF_NN,9,64,0.007,,,,,,2,2,0.0001329548952708,0.002241820221074,100.0,99.89327641408752,12.659301930105418,50.75275043427909,12.666686181808103,50.87709854005062,1325.3822267055511,12.949777461246592,0.0,12.699962229537062,0.0,12.368693444068974,1.5055008685581934,12.631168313858067,1.860920666013712,0.0001329548952708,100.0,0.002241820221074,99.89327641408752,14.660049103911676,0.0,15.125641875396685,0.0,16.691158622725535,0.0,17.062804306268813,0.0
FC_FF_NN,0,64,0.007,,,,,,3,2,0.0455956985373215,0.0090815748404393,98.69490273331692,99.74823766364553,9.511213436026551,33.08771166608506,9.647073608459538,33.443609063227335,1369.7794756889343,10.122580338823338,0.0,10.24430547470742,0.0,10.38802652803147,0.0,10.506439071969584,0.048971596474045,7.977437742687527,0.5682322649382936,8.181394703861171,0.5336179295624333,0.0455956985373215,98.69490273331692,0.0090815748404393,99.74823766364553,15.210071546586894,0.0,15.52433012521333,0.0
FC_FF_NN,1,64,0.007,,,,,,3,2,0.0034800367943173,0.007908709249384,99.91791841090044,99.79859013091642,10.049723522112672,33.43915224072839,10.19558883125169,33.39070756053671,1414.1579113006592,10.591163028580748,0.0,10.704641276217522,0.0,11.049641187102852,0.0,11.146452818543857,0.0,8.504886313860098,0.3995383112847376,8.727763689744307,0.3735325506937033,0.0034800367943173,99.91791841090044,0.007908709249384,99.79859013091642,15.868336985555748,0.0,16.18155537454756,0.0
FC_FF_NN,2,64,0.007,,,,,,3,2,0.0012738209453047,0.0076186054162658,99.96716736436018,99.79859013091642,10.668137779793392,33.39637769761723,10.824244569626662,33.31955850326172,1458.552853345871,11.12614741191721,0.0,11.24942761234076,0.0,11.740624749046152,0.0,11.827565336466767,0.0,9.136367357471512,0.2219657284915208,9.38812215465619,0.1600853788687299,0.0012738209453047,99.96716736436018,0.0076186054162658,99.79859013091642,16.72264508425179,0.0,17.06142879602468,0.0
FC_FF_NN,3,64,0.007,,,,,,3,2,0.0007903224504987,0.0072824897864248,99.98358368218008,99.79859013091642,11.066758031081022,33.39001163137099,11.226860837259396,33.31955850326172,1503.0528042316437,11.457707940529705,0.0,11.57331480686828,0.0,12.197762994180888,0.0,12.28414556013382,0.0,9.54401283608198,0.1864512119328775,9.81583965498966,0.1600853788687299,0.0007903224504987,99.98358368218008,0.0072824897864248,99.79859013091642,17.286969284566784,0.0,17.648934256832106,0.0
FC_FF_NN,4,64,0.007,,,,,,3,2,0.0004856397622064,0.0070254051424609,99.99179184109003,99.8489425981873,11.382324577476089,33.38090951215475,11.543385266555022,33.33634265901868,1547.3761122226715,11.719267850349508,0.0,11.82791887828926,0.0,12.553599759429725,0.0,12.637273774791534,0.0,9.87362048288682,0.1509366953742342,10.157937741441811,0.1600853788687299,0.0004856397622064,99.99179184109003,0.0070254051424609,99.8489425981873,17.73788696507276,0.0,18.115394780807765,0.0
FC_FF_NN,5,64,0.007,,,,,,3,2,0.0002258097887307,0.0070837302608351,100.0,99.8489425981873,11.64914779710726,33.374766935985086,11.810900219987404,33.318555394699935,1591.531180381775,11.933263929248843,0.0,12.03494428472316,0.0,12.861388135709738,0.0,12.943877758522108,0.0,10.152565516574466,0.1243008079552517,10.4467948864561,0.1067235859124866,0.0002258097887307,100.0,0.0070837302608351,99.8489425981873,18.100961457874817,0.0,18.482402117157367,0.0
FC_FF_NN,6,64,0.007,,,,,,3,2,0.0001699021378351,0.0071063317717572,100.0,99.8489425981873,11.864266194835274,33.37180739293853,12.026184004991409,33.318555394699935,1635.7415730953217,12.112474244185885,0.0,12.20876437225522,0.0,13.104456564364218,0.0,13.185097324159306,0.0,10.375697873817884,0.1154221788155908,10.67758398678794,0.1067235859124866,0.0001699021378351,100.0,0.0071063317717572,99.8489425981873,18.39412766707145,0.0,18.77782928204212,0.0
FC_FF_NN,7,64,0.007,,,,,,3,2,0.0001321503482355,0.0071756064400315,100.0,99.8489425981873,12.049238581487444,33.36588830684543,12.211466473945146,33.318555394699935,1680.1288781166077,12.265658447462911,0.0,12.357369448389004,0.0,13.311520134468845,0.0,13.390793712494071,0.0,10.570405012182343,0.0976649205362692,10.879060654512337,0.1067235859124866,0.0001321503482355,100.0,0.0071756064400315,99.8489425981873,18.65277958841647,0.0,19.037562744700423,0.0
FC_FF_NN,8,64,0.007,,,,,,3,2,0.0001061526095439,0.0072788019859247,100.0,99.8489425981873,12.21109147386131,33.35996922075231,12.37376279318723,33.318555394699935,1724.4913001060486,12.400027306523192,0.0,12.488240993671102,0.0,13.494046357007562,0.0,13.572314360349582,0.0,10.73909460544364,0.0799076622569475,11.05345422355508,0.1067235859124866,0.0001061526095439,100.0,0.0072788019859247,99.8489425981873,18.870831143249895,0.0,19.25734192664973,0.0
FC_FF_NN,9,64,0.007,,,,,,3,2,8.84312127432492e-05,0.0073848346912167,100.0,99.8489425981873,12.3578887902223,33.35996922075231,12.521187467820935,33.318555394699935,1768.8992865085602,12.522229839378411,0.0,12.60787025997261,0.0,13.659941518136137,0.0,13.737454901713,0.0,10.891406581939606,0.0799076622569475,11.210852407085984,0.1067235859124866,8.84312127432492e-05,100.0,0.0073848346912167,99.8489425981873,19.067410605802376,0.0,19.45617058682309,0.0
FC_FF_NN,0,64,0.007,,,,,,4,2,0.0821125106177013,0.041418212693375,97.52542372881356,98.48714069591529,7.811482609826207,24.385795246773217,7.905948413443223,24.621785173978814,1813.1301574707031,8.055452856281459,0.0,8.122265959124194,0.0,7.593519749012485,0.0,7.724067888986118,0.0,8.596223113489312,0.0177572582793216,8.789129550645292,0.0,6.918622209903868,0.0,6.946912042323916,0.0,0.0821125106177013,97.52542372881356,0.041418212693375,98.48714069591529
FC_FF_NN,1,64,0.007,,,,,,4,2,0.025296293561556,0.0205978313874127,99.20338983050848,99.29399899142712,8.537398127036631,24.803067114912032,8.631316008124312,24.823499747856783,1857.3226823806765,8.70293342923158,0.0,8.78363387263413,0.0,8.515664127488538,0.0,8.6487922928826,0.0,9.110460994648571,0.0088786291396608,9.315194534644757,0.0,7.795237663216283,0.0,7.75704550094835,0.0,0.025296293561556,99.20338983050848,0.0205978313874127,99.29399899142712
FC_FF_NN,2,64,0.007,,,,,,4,2,0.0135781108542819,0.0160100211361301,99.6186440677966,99.54614220877458,9.473732851282582,24.904661016949152,9.566782120682117,24.88653555219365,1901.5209624767303,9.53926140310451,0.0,9.643682775880707,0.0,9.533430772261974,0.0,9.672482503733136,0.0,9.986053689281016,0.0,10.18409334181976,0.0,8.822607429628546,0.0,8.75085984015873,0.0,0.0135781108542819,99.6186440677966,0.0160100211361301,99.54614220877458
FC_FF_NN,3,64,0.007,,,,,,4,2,0.0073101455186436,0.0123960843308004,99.8135593220339,99.39485627836612,10.089482114596631,24.953389830508478,10.173208264666016,24.84871406959153,1945.742838382721,10.012506828541536,0.0,10.10996730051424,0.0,10.124760390866314,0.0,10.269751054766596,0.0,10.730141199419387,0.0,10.919297886187392,0.0,9.483209894040648,0.0,9.38142073286504,0.0,0.0073101455186436,99.8135593220339,0.0123960843308004,99.39485627836612
FC_FF_NN,4,64,0.007,,,,,,4,2,0.0043105560591033,0.0116329217745988,99.89830508474576,99.39485627836612,10.520457568320587,24.97457627118644,10.607973014782464,24.84871406959153,1989.9432923793795,10.507079957889747,0.0,10.621460331359936,0.0,10.773779968971237,0.0,10.934452179713531,0.0,11.077669347231144,0.0,11.252638214044154,0.0,9.718990443131124,0.0,9.611708412237638,0.0,0.0043105560591033,99.89830508474576,0.0116329217745988,99.39485627836612
FC_FF_NN,5,64,0.007,,,,,,4,2,0.0022805278730657,0.015102149756944,99.95762711864408,99.34442763489665,11.23272622407522,24.989406779661017,11.32076909838991,24.83610690872416,2034.1318893432615,11.209855999571976,0.0,11.339380025525465,0.0,11.481517652254738,0.0,11.653037391260018,0.0,11.850106580086164,0.0,12.0351301072883,0.0,10.38714413651494,0.0,10.240426719728914,0.0,0.0022805278730657,99.95762711864408,0.015102149756944,99.34442763489665
FC_FF_NN,6,64,0.007,,,,,,4,2,0.0023274412138342,0.0163365268983952,99.9406779661017,99.29399899142712,11.31775811724643,24.985169491525426,11.40452536231714,24.823499747856783,2078.3490784168243,11.362691360813235,0.0,11.499147540288616,0.0,11.459793715966487,0.0,11.639011399285916,0.0,11.903976160637663,0.0,12.066628068971786,0.0,10.542243790354506,0.0,10.396977913823854,0.0,0.0023274412138342,99.9406779661017,0.0163365268983952,99.29399899142712
FC_FF_NN,7,64,0.007,,,,,,4,2,0.0017494171673594,0.0229891179929889,99.9406779661017,99.29399899142712,11.406502631225848,24.985169491525426,11.502811318770052,24.823499747856783,2122.545601129532,11.49246642558508,0.0,11.644444007287351,0.0,11.585239216533685,0.0,11.767934807367352,0.0,11.90241378257343,0.0,12.076958029985173,0.0,10.644141683043843,0.0,10.49891931244734,0.0,0.0017494171673594,99.9406779661017,0.0229891179929889,99.29399899142712
FC_FF_NN,8,64,0.007,,,,,,4,2,0.0013280620196579,0.0146358711507817,99.98305084745762,99.29399899142712,11.480730729514196,24.995762711864405,11.562950927582902,24.823499747856783,2166.8101682662964,11.463174595947658,0.0,11.609739148475882,0.0,11.528832330529394,0.0,11.725897374863022,0.0,12.157513870911815,0.0,12.30126900899372,0.0,10.772074058648254,0.0,10.6002623068482,0.0,0.0013280620196579,99.98305084745762,0.0146358711507817,99.29399899142712
FC_FF_NN,9,64,0.007,,,,,,4,2,0.0033772725835737,0.0152629602867011,99.90677966101696,99.39485627836612,11.641054871327572,24.97669491525424,11.725587035035712,24.84871406959153,2211.087331295013,11.384702837650735,0.0,11.558140718852377,0.0,11.657844347815349,0.0,11.780409990281711,0.0,12.3475046597185,0.0,12.50433351276015,0.0,11.170790367542129,0.0,11.044200957961912,0.0,0.0033772725835737,99.90677966101696,0.0152629602867011,99.39485627836612
CNN,0,64,0.005,,,,,,0,2,0.021411776714345174,0.002748200053594832,99.38412949072246,99.95271867612293,0.021411776714345174,99.38412949072246,0.002748200053594832,99.95271867612293,59.88049626350403,0.021411776714345174,99.38412949072246,0.002748200053594832,99.95271867612293,12.575328807103466,0.0,12.624922263400444,0.0,12.574658149281309,0.0,12.598989190515866,0.0,12.835323588890972,0.0,13.034546125571413,0.0,12.497528267957396,0.0,12.623442461799625,0.0
CNN,1,64,0.005,,,,,,0,2,0.003998437425812487,0.002895125828790389,99.87366758784052,99.90543735224587,0.003998437425812487,99.87366758784052,0.002895125828790389,99.90543735224587,124.84000730514526,0.003998437425812487,99.87366758784052,0.002895125828790389,99.90543735224587,12.970991235383243,0.0,13.014110983410498,0.0,13.296524028800091,0.0,13.318301852764671,0.0,13.61154196848083,0.0,13.823505937512907,0.0,13.08726523985297,0.0,13.27719969997127,0.0
CNN,2,64,0.005,,,,,,0,2,0.003003202343079195,0.0025026800557027963,99.92104224240032,99.90543735224587,0.003003202343079195,99.92104224240032,0.0025026800557027963,99.90543735224587,189.7321491241455,0.003003202343079195,99.92104224240032,0.0025026800557027963,99.90543735224587,13.251941508775078,0.0,13.296567313934984,0.0,13.683082505799966,0.0,13.7091605342694,0.0,14.027120304569513,0.0,14.251032307789044,0.0,13.435436645402747,0.0,13.641598437930138,0.0
CNN,3,64,0.005,,,,,,0,2,0.0024897174644466233,0.002135846470174756,99.92104224240032,99.90543735224587,0.0024897174644466233,99.92104224240032,0.002135846470174756,99.90543735224587,254.7200698852539,0.0024897174644466233,99.92104224240032,0.002135846470174756,99.90543735224587,13.335392007441998,0.0,13.386398813283176,0.0,13.72334942639451,0.0,13.754173244712447,0.0,14.114399646329124,0.0,14.345884572823362,0.0,13.509752835863727,0.0,13.714834846154163,0.0
CNN,4,64,0.005,,,,,,0,2,0.0021328274103383227,0.001988643680296727,99.92104224240032,99.90543735224587,0.0021328274103383227,99.92104224240032,0.001988643680296727,99.90543735224587,319.6044361591339,0.0021328274103383227,99.92104224240032,0.001988643680296727,99.90543735224587,13.395834988622376,0.0,13.45257016657382,0.0,13.700552821106442,0.0,13.736270420070392,0.0,14.136795353108631,0.0,14.372836549956753,0.0,13.53603213156684,0.0,13.741167629961407,0.0
CNN,5,64,0.005,,,,,,0,2,0.0018840135694683938,0.0019242944913549149,99.93683379392026,99.90543735224587,0.0018840135694683938,99.93683379392026,0.0019242944913549149,99.90543735224587,384.44296312332153,0.0018840135694683938,99.93683379392026,0.0019242944913549149,99.90543735224587,13.44243540792649,0.0,13.504976026458442,0.0,13.642833461624305,0.0,13.681996764088389,0.0,14.13183569565671,0.0,14.369906971461823,0.0,13.539198430271473,0.0,13.743972974537721,0.0
CNN,6,64,0.005,,,,,,0,2,0.0017122816185840817,0.0018981861335265057,99.94472956968022,99.90543735224587,0.0017122816185840817,99.94472956968022,0.0018981861335265057,99.90543735224587,449.3545982837677,0.0017122816185840817,99.94472956968022,0.0018981861335265057,99.90543735224587,13.502915802817652,0.0,13.57236794206468,0.0,13.566206337577293,0.0,13.607154967563512,0.0,14.121150651510778,0.0,14.360050787738443,0.0,13.545783993470467,0.0,13.749151927199678,0.0
CNN,7,64,0.005,,,,,,0,2,0.0015618610771545715,0.0018829656571082683,99.9526253454402,99.95271867612293,0.0015618610771545715,99.9526253454402,0.0018829656571082683,99.95271867612293,514.3388032913208,0.0015618610771545715,99.9526253454402,0.0018829656571082683,99.95271867612293,13.559951475944775,0.0,13.635954648577385,0.0,13.47672536264545,0.0,13.518886655728107,0.0,14.094353044364759,0.0,14.333514122564386,0.0,13.549650053210177,0.0,13.75074997635965,0.0
CNN,8,64,0.005,,,,,,0,2,0.0014131371279660877,0.0018833507994608742,99.9526253454402,99.95271867612293,0.0014131371279660877,99.9526253454402,0.0018833507994608742,99.95271867612293,579.1947741508484,0.0014131371279660877,99.9526253454402,0.0018833507994608742,99.95271867612293,13.585107138991326,0.0,13.668122958950152,0.0,13.361400756151777,0.0,13.404541778717123,0.0,14.042403825914723,0.0,14.279968954885353,0.0,13.533100170725483,0.0,13.730798462816278,0.0
CNN,9,64,0.005,,,,,,0,2,0.0012881121710999685,0.0018925007820755416,99.96052112120016,99.95271867612293,0.0012881121710999685,99.96052112120016,0.0018925007820755416,99.95271867612293,644.0885109901428,0.0012881121710999685,99.96052112120016,0.0018925007820755416,99.95271867612293,13.718324304129924,0.0,13.806715630877846,0.0,13.382196578972719,0.0,13.427306473191546,0.0,14.110282435750253,0.0,14.34967414369996,0.0,13.629432863987098,0.0,13.826914197678406,0.0
CNN,0,64,0.005,,,,,,1,2,0.06592378579919006,0.021607772935724922,97.78310861113408,99.21645445641528,6.7985831137595145,97.78310861113408,6.782926978600862,99.21645445641528,708.5076563358307,6.732659327960325,0.0,6.761319205665138,0.0,0.06592378579919006,97.78310861113408,0.021607772935724922,99.21645445641528,11.283933505234662,0.0,11.42842030194424,0.0,11.759420493489992,0.0,11.972780335705806,0.0,11.56092580754878,0.0,11.796282315699067,0.0
CNN,1,64,0.005,,,,,,1,2,0.028209255979001285,0.014204006416005529,99.06526594424683,99.51028403525955,8.309062579966291,99.06526594424683,8.323981953316537,99.51028403525955,772.9763188362122,8.280853323987289,0.0,8.309777946900532,0.0,0.028209255979001285,99.06526594424683,0.014204006416005529,99.51028403525955,12.571130224075663,0.0,12.731375444915022,0.0,12.919001156381812,0.0,13.14368290579451,0.0,12.689097594447055,0.0,12.930068505633917,0.0
CNN,2,64,0.005,,,,,,1,2,0.020807020031001978,0.01133968414385447,99.33824137645793,99.65719882468169,9.002831574732792,99.33824137645793,9.02224316716717,99.65719882468169,837.4706175327301,8.98202455470179,0.0,9.010903483023316,0.0,0.020807020031001978,99.33824137645793,0.01133968414385447,99.65719882468169,13.254539956168447,0.0,13.428594352087064,0.0,13.373369419818381,0.0,13.593663894157755,0.0,13.249790857080686,0.0,13.503207266360777,0.0
CNN,3,64,0.005,,,,,,1,2,0.016432206887929013,0.00958766934506809,99.42923318719497,99.75514201762977,9.893007671437033,99.42923318719497,9.923618532946897,99.75514201762977,901.8992063999176,9.876575464549104,0.0,9.914030863601829,0.0,0.016432206887929013,99.42923318719497,0.00958766934506809,99.75514201762977,14.277785356076734,0.0,14.467100679810809,0.0,14.179195746993486,0.0,14.400608910294578,0.0,14.250605801323713,0.0,14.524880104093796,0.0
CNN,4,64,0.005,,,,,,1,2,0.013356110997818279,0.00884267943784464,99.53676896352056,99.70617042115573,10.100010860208116,99.53676896352056,10.141074227084333,99.70617042115573,966.3725411891937,10.086654749210297,0.0,10.132231547646489,0.0,0.013356110997818279,99.53676896352056,0.00884267943784464,99.70617042115573,14.607749699297335,0.0,14.793146161921124,0.0,14.236010086005088,0.0,14.439821266815862,0.0,14.43269268997645,0.0,14.707208682477203,0.0
CNN,5,64,0.005,,,,,,1,2,0.011297121907675713,0.008946509979976312,99.67739267102324,99.70617042115573,9.704726345588378,99.67739267102324,9.742540644155161,99.70617042115573,1030.8090302944183,9.693429223680702,0.0,9.733594134175185,0.0,0.011297121907675713,99.67739267102324,0.008946509979976312,99.70617042115573,14.690422785744662,0.0,14.873061216246484,0.0,13.923984557607927,0.0,14.103973485431883,0.0,14.317737661862777,0.0,14.589345672307324,0.0
CNN,6,64,0.005,,,,,,1,2,0.009821381867358458,0.009130295662485277,99.66084870543469,99.75514201762977,10.056472304490521,99.66084870543469,10.10897423779517,99.75514201762977,1095.3224651813507,10.046650922623163,0.0,10.099843942132685,0.0,0.009821381867358458,99.66084870543469,0.009130295662485277,99.75514201762977,15.084384171395216,0.0,15.276576114438768,0.0,14.24129025235333,0.0,14.418597149584828,0.0,14.769903401318244,0.0,15.046444948189679,0.0
CNN,7,64,0.005,,,,,,1,2,0.008097548827434988,0.009351608606490234,99.75184051617173,99.75514201762977,10.354416555966795,99.75184051617173,10.401177302381784,99.75514201762977,1159.6961829662323,10.34631900713936,0.0,10.391825693775294,0.0,0.008097548827434988,99.75184051617173,0.009351608606490234,99.75514201762977,15.493800972448534,0.0,15.68858075981588,0.0,14.55804786812855,0.0,14.725710423211197,0.0,15.100431325880148,0.0,15.364479855822603,0.0
CNN,8,64,0.005,,,,,,1,2,0.007351993150176164,0.009673796556397043,99.77665646455456,99.65719882468169,10.918275554746359,99.77665646455456,10.962853682204218,99.65719882468169,1224.0604310035706,10.910923561596183,0.0,10.95317988564782,0.0,0.007351993150176164,99.77665646455456,0.009673796556397043,99.65719882468169,16.375132561026337,0.0,16.586180550566095,0.0,15.39960902463056,0.0,15.576335235664851,0.0,15.99150140273369,0.0,16.256429708070126,0.0
CNN,9,64,0.005,,,,,,1,2,0.006299643237254367,0.009619925148499334,99.76838448176028,99.60822722820764,11.005163221974154,99.76838448176028,11.038116427963908,99.60822722820764,1288.4951601028442,10.9988635787369,0.0,11.02849650281541,0.0,0.006299643237254367,99.76838448176028,0.009619925148499334,99.60822722820764,16.432406168873925,0.0,16.63218472301642,0.0,15.464968662274488,0.0,15.630576339253006,0.0,15.996014549085649,0.0,16.227106380751202,0.0
CNN,0,64,0.005,,,,,,2,2,0.02236784145917285,0.005946800026445599,99.47616088076,99.83991462113127,7.524657502690583,52.96001773875042,7.428258924958479,54.058057212622444,1352.2259459495544,8.72244236473975,0.0,8.549989849906723,0.0,6.304504799182242,6.443874596740838,6.3005811999837915,8.276199804113613,0.02236784145917285,99.47616088076,0.005946800026445599,99.83991462113127,13.611393255914637,0.0,13.804059741960431,0.0,14.33281921221038,0.0,14.493799516905815,0.0
CNN,1,64,0.005,,,,,,2,2,0.005165345847013718,0.004430447217487692,99.88457782118441,99.83991462113127,8.831898498262818,52.00201262636688,8.742310925029997,52.44199452897895,1415.9363429546356,10.07880973548603,0.0,9.892525343635686,0.0,7.579821915192592,4.119447431549342,7.5876660592068195,5.044074436826641,0.005165345847013718,99.88457782118441,0.004430447217487692,99.83991462113127,15.507353617993715,0.0,15.711019190896794,0.0,16.27951948376025,0.0,16.45185502033551,0.0
CNN,2,64,0.005,,,,,,2,2,0.0034915001385526557,0.003782545687004655,99.90233507946374,99.83991462113127,9.724172235135443,51.39876452873013,9.63960511319522,51.7319063801053,1479.7184603214264,10.938201499277078,0.0,10.753433860729208,0.0,8.506651470855255,2.895193977996526,8.52199381997423,3.623898139079334,0.0034915001385526557,99.90233507946374,0.003782545687004655,99.83991462113127,16.916201187610664,0.0,17.115169886255792,0.0,17.63216240531307,0.0,17.824312805468185,0.0
CNN,3,64,0.005,,,,,,2,2,0.0023897151852990206,0.0013635486186988905,99.92897096688272,100.0,10.143156397771826,51.56925014553086,10.05397731738853,52.03232125367287,1543.4327223300934,11.450619795441957,0.0,11.246208582307712,0.0,8.833303284916395,3.2095293241790057,8.860382503850648,4.06464250734574,0.0023897151852990206,99.92897096688272,0.0013635486186988905,100.0,17.584350708835693,0.0,17.757213876566738,0.0,18.124182546906553,0.0,18.330860032616872,0.0
CNN,4,64,0.005,,,,,,2,2,0.0013858223565012587,0.0013065920987975826,99.97336411258102,100.0,11.077573875895123,52.1787574967736,10.986419803583757,52.962781586679725,1607.1402158737183,12.119229027728906,0.0,11.867643268621277,0.0,10.03453290170484,4.384150880966168,10.10388974644744,5.925563173359452,0.0013858223565012587,99.97336411258102,0.0013065920987975826,100.0,17.419571685798843,0.0,17.471345330052987,0.0,17.88108226957968,0.0,18.101944171234145,0.0
CNN,5,64,0.005,,,,,,2,2,0.000858620568835275,0.0021543549140648015,99.98224274172068,100.0,11.860479975956292,52.18319681134342,11.771191325952561,52.81586679725759,1670.7228322029114,12.818160940901452,0.0,12.551702976677717,0.0,10.901940390442299,4.384150880966168,10.988525320313338,5.631733594515182,0.000858620568835275,99.98224274172068,0.0021543549140648015,100.0,17.819472896106568,0.0,17.840052362175026,0.0,18.489542400311617,0.0,18.717411761685447,0.0
CNN,6,64,0.005,,,,,,2,2,0.0006560042066188008,0.0010522290043425483,99.99112137086034,100.0,12.234322256415574,52.146276211941874,12.133945681643215,52.9382957884427,1733.6653242111206,13.27058959861918,0.0,12.99075442938658,0.0,11.197398910005349,4.30143105302341,11.276084704895506,5.8765915768854065,0.0006560042066188008,99.99112137086034,0.0010522290043425483,100.0,18.41489737591387,0.0,18.457835678607676,0.0,19.144555082401986,0.0,19.382277918655465,0.0
CNN,7,64,0.005,,,,,,2,2,0.00044651598982118544,0.0006905683067496843,100.0,100.0,12.770132085374527,52.03490776739184,12.665679038947765,52.7179236043095,1797.227881193161,13.856968418769672,0.0,13.563360912580016,0.0,11.682849235989561,4.069815534783688,11.767306597008764,5.435847208619001,0.00044651598982118544,100.0,0.0006905683067496843,100.0,19.07616238663332,0.0,19.132207097363736,0.0,19.86208357891794,0.0,20.10956661110867,0.0
CNN,8,64,0.005,,,,,,2,2,0.00032657872381838343,0.00048110458396650107,100.0,100.0,13.220744117790552,51.90255604268343,13.11283983631656,52.4975514201763,1860.7295339107513,14.344610266623363,0.0,14.039021613637324,0.0,12.096551390233925,3.8051120853668623,12.186176954411827,4.995102840352596,0.00032657872381838343,100.0,0.00048110458396650107,100.0,19.640614019477052,0.0,19.704169147084247,0.0,20.49095944331864,0.0,20.748322481106342,0.0
CNN,9,64,0.005,,,,,,2,2,0.00026591873084610653,0.00034964947306825856,100.0,100.0,13.579279402324119,51.77847630076929,13.467859655096369,52.37512242899118,1924.3386154174805,14.730418529465318,0.0,14.41446373400677,0.0,12.427874356452074,3.556952601538589,12.520905926712901,4.750244857982371,0.00026591873084610653,100.0,0.00034964947306825856,100.0,20.10199143629615,0.0,20.17364390787161,0.0,21.00775614366693,0.0,21.272374108892105,0.0
CNN,0,64,0.005,,,,,,3,2,0.009352979643145595,0.0022859463613536905,99.85225313962079,99.8992950654582,7.784468786528378,35.922176838363264,7.747943128947626,36.21248617361184,1988.7329483032227,10.183054213254668,0.0,10.176640149493025,0.0,8.888333050934886,0.07444784514848209,8.858412829307104,0.14691478942213515,4.272666115752432,7.839829530320519,4.206490461681393,8.591248665955176,0.009352979643145595,99.85225313962079,0.0022859463613536905,99.8992950654582,17.40095287484638,0.0,17.691175127053466,0.0
CNN,1,64,0.005,,,,,,3,2,0.0006599316691692071,0.001644526439756034,99.99179184109003,99.8992950654582,8.180780254708084,35.49872904079637,8.138903984425953,35.6803316428768,2053.1880457401276,10.564046338684136,0.0,10.559712418089521,0.0,9.269111410442816,0.04963189676565473,9.216701909782953,0.0979431929480901,4.708523083328132,6.454763384533428,4.638653098965628,7.043756670224119,0.0006599316691692071,99.99179184109003,0.001644526439756034,99.8992950654582,18.188886093042665,0.0,18.501127451282525,0.0
CNN,2,64,0.005,,,,,,3,2,0.0003383329913496046,0.0014181193367365558,100.0,99.8992950654582,8.527802035829259,35.13784572993719,8.482390218798974,35.376484750630695,2117.6164157390594,10.910486396047093,0.0,10.906551324560287,0.0,9.60658193034938,0.03308793117710315,9.543718200238981,0.14691478942213515,5.065999448099952,5.380449258634467,4.995483012260917,6.08324439701174,0.0003383329913496046,100.0,0.0014181193367365558,99.8992950654582,18.85668485997087,0.0,19.179600149588456,0.0
CNN,3,64,0.005,,,,,,3,2,0.0002316912419635479,0.0012789024109830958,100.0,99.8992950654582,8.799403279658302,34.907608018651395,8.751718406468024,35.182288241951866,2181.9963030815125,11.175290605121106,0.0,11.170443365647156,0.0,9.878573203217018,0.008271982794275788,9.809695561386345,0.0979431929480901,5.344114339394822,4.714552073159904,5.27373738995959,5.549626467449306,0.0002316912419635479,100.0,0.0012789024109830958,99.8992950654582,19.384541680529967,0.0,19.715136754049897,0.0
CNN,4,64,0.005,,,,,,3,2,0.00017479539962503098,0.00119765579952967,100.0,99.8992950654582,9.019933388130683,34.75942865087525,8.970366046870982,34.97030446895429,2246.389393568039,11.390708610317803,0.0,11.384586019155263,0.0,10.099818149372467,0.016543965588551576,10.02638825718733,0.04897159647404505,5.569098609302152,4.261741987037201,5.498926208470824,4.9626467449306295,0.00017479539962503098,100.0,0.00119765579952967,99.8992950654582,19.815996170043945,0.0,20.152916429262838,0.0
CNN,5,64,0.005,,,,,,3,2,0.0001398721008048685,0.0011474355322724555,100.0,99.8992950654582,9.204807000929785,34.649723342704306,9.153707026367996,34.77464456144807,2310.7732310295105,11.569742761880006,0.0,11.562270680217878,0.0,10.288194786472804,0.024815948382827364,10.211328284601507,0.04897159647404505,5.756343582335741,3.9243540797300898,5.686374678752329,4.375667022411953,0.0001398721008048685,100.0,0.0011474355322724555,99.8992950654582,20.17327745526524,0.0,20.515693658298755,0.0
CNN,6,64,0.005,,,,,,3,2,0.00011648510986011836,0.0011130489121645058,100.0,99.8992950654582,9.365213248509123,34.57849209413856,9.312757584365258,34.721282768491825,2374.8564105033875,11.726348987229954,0.0,11.717620710278235,0.0,10.451126470938737,0.03308793117710315,10.371290053606733,0.04897159647404505,5.918047802248821,3.702388351238569,5.848248940298638,4.215581643543223,0.00011648510986011836,100.0,0.0011130489121645058,99.8992950654582,20.482015318223986,0.0,20.82936759098455,0.0
CNN,7,64,0.005,,,,,,3,2,9.97582919643524e-05,0.0010888975900555137,100.0,99.8992950654582,9.505485468343926,34.50490794887164,9.451846397680747,34.65013371121683,2438.8011808395386,11.863262961346596,0.0,11.853416575551314,0.0,10.59240057381342,0.016543965588551576,10.509951536236267,0.04897159647404505,6.0606931115797975,3.4981798810263696,5.991082183664601,4.002134471718249,9.97582919643524e-05,100.0,0.0010888975900555137,99.8992950654582,20.751194090277462,0.0,21.102953934392964,0.0
CNN,8,64,0.005,,,,,,3,2,8.72180895301282e-05,0.0010710430000400266,100.0,99.8992950654582,9.631544487235162,34.45459571708023,9.576857530503688,34.63234644689809,2503.2114877700806,11.987005868204676,0.0,11.976119387177993,0.0,10.717755971287998,0.016543965588551576,10.633043608194933,0.04897159647404505,6.189784404123285,3.347243185652135,6.120338553138099,3.9487726787620065,8.72180895301282e-05,100.0,0.0010710430000400266,99.8992950654582,20.99422101651208,0.0,21.35008850039945,0.0
CNN,9,64,0.005,,,,,,3,2,7.739213581945302e-05,0.0010540779603961498,100.0,99.8992950654582,9.740915099794513,34.39836439919571,9.68521709560958,34.561197389623096,2567.6732518672943,12.095725721339674,0.0,12.083883352369845,0.0,10.824526863226732,0.016543965588551576,10.737713622503954,0.04897159647404505,6.302415322681311,3.1785492319985793,6.233000233994544,3.7353255069370332,7.739213581945302e-05,100.0,0.0010540779603961498,99.8992950654582,21.207476399308543,0.0,21.567012354994567,0.0
CNN,0,64,0.005,,,,,,4,2,0.04677314761628579,0.01826756444134565,98.61016949152543,99.4452849218356,6.396702958336586,25.277403733555865,6.398958599515277,25.528156908110198,2631.8083081245422,6.3554916552578655,0.03947887879984208,6.3598303003514065,0.04728132387706856,6.6555397284810915,0.6948465547191662,6.72256801992538,0.6856023506366308,6.180091729235659,0.6570185563349018,6.232196730783203,0.3735325506937033,6.348915572755444,1.108101452844127,6.262971782559775,1.5609264853977844,0.04677314761628579,98.61016949152543,0.01826756444134565,99.4452849218356
CNN,1,64,0.005,,,,,,4,2,0.022569124882779335,0.01170020143772253,99.27118644067797,99.4957135653051,7.084646072692782,25.00381224928453,7.096166144075664,25.02470247146266,2695.893086194992,6.669182120723024,0.0,6.685114808454581,0.0,7.963214284024312,0.19025560426834312,8.043859754177312,0.14691478942213515,6.910217276199412,0.15981532451389505,6.968533323797434,0.05336179295624333,6.7734014849416,0.39399162767791185,6.675456488435602,0.4028197381671702,0.022569124882779335,99.27118644067797,0.01170020143772253,99.4957135653051
CNN,2,64,0.005,,,,,,4,2,0.017160065819579184,0.010539752543962236,99.42372881355932,99.59657085224407,7.392095090503916,24.943905739316193,7.4062434752790836,24.975078527689487,2760.150084257126,6.932069104366325,0.0,6.965702519067354,0.0,8.331908152070685,0.05790387955993051,8.395941999148903,0.04897159647404505,7.2519243080355835,0.08878629139660836,7.32375601139178,0.05336179295624333,7.035318731723489,0.20520397274891244,6.929033618964337,0.2014098690835851,0.017160065819579184,99.42372881355932,0.010539752543962236,99.59657085224407
CNN,3,64,0.005,,,,,,4,2,0.01378358263061888,0.010536383200454313,99.55084745762713,99.54614220877458,7.956793936794488,24.92328296597488,7.9761799310751,24.937295133186666,2824.2629747390747,7.4799928707705625,0.0,7.524823542182327,0.0,9.001858850928274,0.008271982794275788,9.06765172883766,0.04897159647404505,7.784718167992984,0.03551451655864335,7.86518147050253,0.05336179295624333,7.546822274855515,0.09849790691947796,7.436526599577427,0.10070493454179255,0.01378358263061888,99.55084745762713,0.010536383200454313,99.54614220877458
CNN,4,64,0.005,,,,,,4,2,0.011607456589125749,0.010375295424063659,99.59322033898304,99.59657085224407,8.171863456316606,24.921212756862992,8.199132890222943,24.91138561217953,2888.3700308799744,7.602832658894204,0.0,7.661347900327498,0.0,9.249268501782518,0.0,9.311601961394599,0.04897159647404505,8.005863657365904,0.017757258279321675,8.095816537531107,0.0,7.817881550634669,0.07387343018960847,7.717389866214504,0.0,0.011607456589125749,99.59322033898304,0.010375295424063659,99.59657085224407
CNN,5,64,0.005,,,,,,4,2,0.009320430824676814,0.010443074501394086,99.62711864406779,99.54614220877458,8.707719618900118,24.919427134496733,8.738809040221716,24.898778451312158,2952.553979873657,8.044055379157099,0.0,8.11312705450306,0.0,9.647156421476938,0.0,9.69984739239489,0.04897159647404505,8.666211984373584,0.017757258279321675,8.764089043646765,0.0,8.464134259768173,0.03283263563982598,8.367729595840757,0.0,0.009320430824676814,99.62711864406779,0.010443074501394086,99.54614220877458
CNN,6,64,0.005,,,,,,4,2,0.007095928052918344,0.010225692395455385,99.72881355932203,99.59657085224407,9.447852267949003,24.936642704400338,9.481953786840418,24.899142713061018,3016.6734578609467,8.6559060558612,0.0,8.732208408306112,0.0,10.355273733413963,0.0,10.395513720131762,0.0,9.441606461623417,0.017757258279321675,9.555135458994064,0.0,9.331526892844517,0.0,9.234731867534276,0.0,0.007095928052918344,99.72881355932203,0.010225692395455385,99.59657085224407
CNN,7,64,0.005,,,,,,4,2,0.005382467467149657,0.01045786334650094,99.82203389830508,99.59657085224407,10.066182056963294,24.9599477891461,10.106731426366675,24.899142713061018,3080.837423801422,8.944422642938996,0.0,9.025626002192215,0.0,10.984090203425954,0.0,11.028969215482736,0.0,10.20893282498918,0.017757258279321675,10.337783593696361,0.0,10.121900089031897,0.0,10.024089030748888,0.0,0.005382467467149657,99.82203389830508,0.01045786334650094,99.59657085224407
CNN,8,64,0.005,,,,,,4,2,0.004070295709571862,0.01012368582537159,99.88135593220339,99.59657085224407,10.503972815239123,24.974778297620677,10.550607105009268,24.899142713061018,3144.8634548187256,9.114756323168319,0.0,9.200912837891996,0.0,11.326756360740102,0.0,11.370860062371738,0.0,10.70333007674472,0.017757258279321675,10.851683332164361,0.0,10.866978204593785,0.0,10.768848501783603,0.0,0.004070295709571862,99.88135593220339,0.01012368582537159,99.59657085224407
CNN,9,64,0.005,,,,,,4,2,0.0033461786310177645,0.009846544628486473,99.91525423728814,99.64699949571356,11.096265276606673,24.983252873891864,11.146713714032565,24.91174987392839,3208.5101232528687,9.492186861465536,0.0,9.581314269758003,0.0,12.115611895032592,0.0,12.154540108595258,0.0,11.332489410577526,0.017757258279321675,11.493280334241108,0.0,11.44142676072002,0.0,11.347873598907409,0.0,0.0033461786310177645,99.91525423728814,0.009846544628486473,99.64699949571356
